scenario,hfa_multiplier,alpha,log_loss,brier_score,ece,oci,tail_error,n_samples
no_hfa,0.0,0.0,0.6360565059095549,0.22301450218184385,0.07987358860532634,0.03700115386255052,0.3702208343839947,1881
no_hfa,0.0,0.1,0.6356338476781654,0.222795453187347,0.0802676723474329,0.035547736287782364,0.3715424938228889,1881
no_hfa,0.0,0.2,0.6352978892980664,0.2226158655957364,0.07759759992387764,0.03953783950765712,0.37490536692850124,1881
no_hfa,0.0,0.3,0.6350492883216231,0.222476625709315,0.07844640898252556,0.04603647118291982,0.3762069368894368,1881
no_hfa,0.0,0.4,0.6348886549902106,0.2223785454289063,0.07761107728052087,0.047317438832691114,0.37574570647155064,1881
no_hfa,0.0,0.5,0.6348165499685036,0.22232235556234992,0.0750345410121506,0.04293468515545152,0.3717706946190131,1881
no_hfa,0.0,0.6,0.634833482256714,0.22230869966172498,0.07536452005155589,0.04278463411613851,0.3753411905653615,1881
no_hfa,0.0,0.7,0.6349399073041858,0.2223381285069768,0.07344479607067589,0.04436114058392627,0.3734724415404892,1881
no_hfa,0.0,0.8,0.6351362253459641,0.22241109534569814,0.07313518784879346,0.04427177518438215,0.3752189632580286,1881
no_hfa,0.0,0.9,0.6354227799816803,0.22252795198706726,0.0718975465914853,0.03784721764760701,0.37683987808147157,1881
no_hfa,0.0,1.0,0.6357998570133271,0.2226889458325275,0.07271865415795492,0.04811302511376684,0.38007499399611366,1881
hfa_minus_50pct,0.5,0.0,0.6459685187962187,0.22772557944956687,0.10232125346535338,0.0553698820534157,0.3618911411442864,1881
hfa_minus_50pct,0.5,0.1,0.6454221590776261,0.22745753753358108,0.10274118799796592,0.04634998637992139,0.3631291996313479,1881
hfa_minus_50pct,0.5,0.2,0.6449616336424933,0.22722720881212782,0.10200537874184255,0.04696241789120452,0.3666532244789643,1881
hfa_minus_50pct,0.5,0.3,0.6445876623087944,0.22703556388072177,0.10187882286269759,0.049956629879925496,0.36787350526366885,1881
hfa_minus_50pct,0.5,0.4,0.6443009199294318,0.22688350681661007,0.10130756707300025,0.04576672123077146,0.3670759478913416,1881
hfa_minus_50pct,0.5,0.5,0.644102033907831,0.22677186786689693,0.10008829357363504,0.036736804341925375,0.3622538626432766,1881
hfa_minus_50pct,0.5,0.6,0.6439915818750986,0.22670139657976685,0.0988565497361707,0.03518843016499477,0.36598129200188567,1881
hfa_minus_50pct,0.5,0.7,0.643970089554606,0.22667275551035437,0.09718303829548382,0.034898009004792944,0.36351030871135426,1881
hfa_minus_50pct,0.5,0.8,0.6440380288382478,0.22668651462597203,0.09654900458723134,0.034545439007379795,0.3651638665686668,1881
hfa_minus_50pct,0.5,0.9,0.6441958160964363,0.22674314652410238,0.09526411150724294,0.03381464038144692,0.36669831325042485,1881
hfa_minus_50pct,0.5,1.0,0.644443810741178,0.2268430225609863,0.09397171117161199,0.03361319478283309,0.3701097306951471,1881
hfa_baseline,1.0,0.0,0.6587002379520167,0.23376018997192433,0.12766072949742976,0.07351186906630569,0.3540847676916788,1881
hfa_baseline,1.0,0.1,0.6580372533093553,0.23345306900450405,0.1266429945001416,0.07176305377754172,0.35524014117020564,1881
hfa_baseline,1.0,0.2,0.6574588695817096,0.23318135474835672,0.12561255427324083,0.06917911658730366,0.35891468438393564,1881
hfa_baseline,1.0,0.3,0.6569658558961817,0.2329460639352487,0.12467607869478918,0.07454397797636156,0.360054337070701,1881
hfa_baseline,1.0,0.4,0.6565589393910937,0.23274815619142028,0.12361989844913478,0.06649213256720811,0.3589315469986102,1881
hfa_baseline,1.0,0.5,0.6562388026084816,0.23258852658263027,0.12255227423351661,0.06392778796704333,0.35329439851787825,1881
hfa_baseline,1.0,0.6,0.6560060810279006,0.23246799850627262,0.12147367669527688,0.05794253706963515,0.3571666761282646,1881
hfa_baseline,1.0,0.7,0.6558613607681338,0.23238731706279506,0.12038460328136143,0.04716847203926539,0.35411329156407056,1881
hfa_baseline,1.0,0.8,0.6558051764819959,0.23234714303291465,0.11928557697790304,0.04566774087732422,0.35567201790686465,1881
hfa_baseline,1.0,0.9,0.6558380094674435,0.23234804757690625,0.1181771448554446,0.04457333982549536,0.35711827958209635,1881
hfa_baseline,1.0,1.0,0.6559602860156837,0.2323905077578144,0.1170598764252576,0.04361437070148494,0.3606939692691076,1881
hfa_plus_50pct,1.5,0.0,0.6742241626407335,0.24105162735501248,0.15300042318334836,0.08236544942129702,0.34679654635905616,1881
hfa_plus_50pct,1.5,0.1,0.6734520955143487,0.24071581432066302,0.15194713246283204,0.0758322583776601,0.34787094899101356,1881
hfa_plus_50pct,1.5,0.2,0.6727630499233547,0.24041261811014678,0.150877461437286,0.06647827079271033,0.3516856481258379,1881
hfa_plus_50pct,1.5,0.3,0.6721578307605317,0.24014306306981115,0.14989681973408078,0.07236505521227224,0.3527461525161576,1881
hfa_plus_50pct,1.5,0.4,0.6716372044298156,0.23990812685306068,0.1489010348842221,0.06940916976931204,0.3513108267315343,1881
hfa_plus_50pct,1.5,0.5,0.6712018962135147,0.23970873329461342,0.14789043548416841,0.06545123602036491,0.3448937847371332,1881
hfa_plus_50pct,1.5,0.6,0.6708525877579327,0.23954574553355198,0.14686538394763266,0.06130725220900451,0.34889933063710676,1881
hfa_plus_50pct,1.5,0.7,0.6705899147029716,0.2394199595049093,0.14582627626484354,0.05876984462663213,0.3452860727758782,1881
hfa_plus_50pct,1.5,0.8,0.6704144644801285,0.2393320979147948,0.14477354151528574,0.05780181648526078,0.34674934926965173,1881
hfa_plus_50pct,1.5,0.9,0.6703267743016129,0.23928280480551653,0.14370764112242235,0.05991195192150023,0.3481068726265257,1881
hfa_plus_50pct,1.5,1.0,0.6703273293611386,0.23927264080509117,0.14262906784263402,0.05027423075902867,0.35183510076226165,1881
