Date,HomeTeam,AwayTeam,HomeTeam_n,AwayTeam_n,FTHG,FTAG,merge_status,fail_reason
2020-09-19,Arsenal,West Ham,arsenal,west ham,2,1,out_of_odds_range,Fuera del rango de fechas del CSV de cuotas (temporada 20/21 sin cobertura)
2020-10-04,Arsenal,Sheffield Utd,arsenal,sheffield,2,1,out_of_odds_range,Fuera del rango de fechas del CSV de cuotas (temporada 20/21 sin cobertura)
2020-10-25,Arsenal,Leicester City,arsenal,leicester,0,1,out_of_odds_range,Fuera del rango de fechas del CSV de cuotas (temporada 20/21 sin cobertura)
2020-11-08,Arsenal,Aston Villa,arsenal,aston villa,0,3,out_of_odds_range,Fuera del rango de fechas del CSV de cuotas (temporada 20/21 sin cobertura)
2020-11-29,Arsenal,Wolves,arsenal,wolves,1,2,out_of_odds_range,Fuera del rango de fechas del CSV de cuotas (temporada 20/21 sin cobertura)
2020-12-13,Arsenal,Burnley,arsenal,burnley,0,1,out_of_odds_range,Fuera del rango de fechas del CSV de cuotas (temporada 20/21 sin cobertura)
2020-12-16,Arsenal,Southampton,arsenal,southampton,1,1,out_of_odds_range,Fuera del rango de fechas del CSV de cuotas (temporada 20/21 sin cobertura)
2020-12-26,Arsenal,Chelsea,arsenal,chelsea,3,1,out_of_odds_range,Fuera del rango de fechas del CSV de cuotas (temporada 20/21 sin cobertura)
2021-01-14,Arsenal,Crystal Palace,arsenal,crystal palace,0,0,out_of_odds_range,Fuera del rango de fechas del CSV de cuotas (temporada 20/21 sin cobertura)
2021-01-18,Arsenal,Newcastle Utd,arsenal,newcastle,3,0,out_of_odds_range,Fuera del rango de fechas del CSV de cuotas (temporada 20/21 sin cobertura)
2021-01-30,Arsenal,Manchester Utd,arsenal,man utd,0,0,out_of_odds_range,Fuera del rango de fechas del CSV de cuotas (temporada 20/21 sin cobertura)
2021-02-14,Arsenal,Leeds United,arsenal,leeds,4,2,out_of_odds_range,Fuera del rango de fechas del CSV de cuotas (temporada 20/21 sin cobertura)
2021-02-21,Arsenal,Manchester City,arsenal,man city,0,1,out_of_odds_range,Fuera del rango de fechas del CSV de cuotas (temporada 20/21 sin cobertura)
2021-03-14,Arsenal,Tottenham,arsenal,tottenham,2,1,out_of_odds_range,Fuera del rango de fechas del CSV de cuotas (temporada 20/21 sin cobertura)
2021-04-03,Arsenal,Liverpool,arsenal,liverpool,0,3,out_of_odds_range,Fuera del rango de fechas del CSV de cuotas (temporada 20/21 sin cobertura)
2021-04-18,Arsenal,Fulham,arsenal,fulham,1,1,out_of_odds_range,Fuera del rango de fechas del CSV de cuotas (temporada 20/21 sin cobertura)
2021-04-23,Arsenal,Everton,arsenal,everton,0,1,out_of_odds_range,Fuera del rango de fechas del CSV de cuotas (temporada 20/21 sin cobertura)
2021-05-09,Arsenal,West Brom,arsenal,west brom,3,1,out_of_odds_range,Fuera del rango de fechas del CSV de cuotas (temporada 20/21 sin cobertura)
2021-05-23,Arsenal,Brighton,arsenal,brighton,2,0,out_of_odds_range,Fuera del rango de fechas del CSV de cuotas (temporada 20/21 sin cobertura)
2020-09-21,Aston Villa,Sheffield Utd,aston villa,sheffield,1,0,out_of_odds_range,Fuera del rango de fechas del CSV de cuotas (temporada 20/21 sin cobertura)
2020-10-04,Aston Villa,Liverpool,aston villa,liverpool,7,2,out_of_odds_range,Fuera del rango de fechas del CSV de cuotas (temporada 20/21 sin cobertura)
2020-10-23,Aston Villa,Leeds United,aston villa,leeds,0,3,out_of_odds_range,Fuera del rango de fechas del CSV de cuotas (temporada 20/21 sin cobertura)
2020-11-01,Aston Villa,Southampton,aston villa,southampton,3,4,out_of_odds_range,Fuera del rango de fechas del CSV de cuotas (temporada 20/21 sin cobertura)
2020-11-21,Aston Villa,Brighton,aston villa,brighton,1,2,out_of_odds_range,Fuera del rango de fechas del CSV de cuotas (temporada 20/21 sin cobertura)
2020-12-17,Aston Villa,Burnley,aston villa,burnley,0,0,out_of_odds_range,Fuera del rango de fechas del CSV de cuotas (temporada 20/21 sin cobertura)
2020-12-26,Aston Villa,Crystal Palace,aston villa,crystal palace,3,0,out_of_odds_range,Fuera del rango de fechas del CSV de cuotas (temporada 20/21 sin cobertura)
2021-01-23,Aston Villa,Newcastle Utd,aston villa,newcastle,2,0,out_of_odds_range,Fuera del rango de fechas del CSV de cuotas (temporada 20/21 sin cobertura)
2021-02-03,Aston Villa,West Ham,aston villa,west ham,1,3,out_of_odds_range,Fuera del rango de fechas del CSV de cuotas (temporada 20/21 sin cobertura)
2021-02-06,Aston Villa,Arsenal,aston villa,arsenal,1,0,out_of_odds_range,Fuera del rango de fechas del CSV de cuotas (temporada 20/21 sin cobertura)
2021-02-21,Aston Villa,Leicester City,aston villa,leicester,1,2,out_of_odds_range,Fuera del rango de fechas del CSV de cuotas (temporada 20/21 sin cobertura)
2021-03-06,Aston Villa,Wolves,aston villa,wolves,0,0,out_of_odds_range,Fuera del rango de fechas del CSV de cuotas (temporada 20/21 sin cobertura)
2021-03-21,Aston Villa,Tottenham,aston villa,tottenham,0,2,out_of_odds_range,Fuera del rango de fechas del CSV de cuotas (temporada 20/21 sin cobertura)
2021-04-04,Aston Villa,Fulham,aston villa,fulham,3,1,out_of_odds_range,Fuera del rango de fechas del CSV de cuotas (temporada 20/21 sin cobertura)
2021-04-21,Aston Villa,Manchester City,aston villa,man city,1,2,out_of_odds_range,Fuera del rango de fechas del CSV de cuotas (temporada 20/21 sin cobertura)
2021-04-25,Aston Villa,West Brom,aston villa,west brom,2,2,out_of_odds_range,Fuera del rango de fechas del CSV de cuotas (temporada 20/21 sin cobertura)
2021-05-09,Aston Villa,Manchester Utd,aston villa,man utd,1,3,out_of_odds_range,Fuera del rango de fechas del CSV de cuotas (temporada 20/21 sin cobertura)
2021-05-13,Aston Villa,Everton,aston villa,everton,0,0,out_of_odds_range,Fuera del rango de fechas del CSV de cuotas (temporada 20/21 sin cobertura)
2021-05-23,Aston Villa,Chelsea,aston villa,chelsea,2,1,out_of_odds_range,Fuera del rango de fechas del CSV de cuotas (temporada 20/21 sin cobertura)
2020-09-14,Brighton And Hove Albion,Chelsea,brighton,chelsea,1,3,out_of_odds_range,Fuera del rango de fechas del CSV de cuotas (temporada 20/21 sin cobertura)
2020-09-26,Brighton And Hove Albion,Manchester Utd,brighton,man utd,2,3,out_of_odds_range,Fuera del rango de fechas del CSV de cuotas (temporada 20/21 sin cobertura)
2020-10-26,Brighton And Hove Albion,West Brom,brighton,west brom,1,1,out_of_odds_range,Fuera del rango de fechas del CSV de cuotas (temporada 20/21 sin cobertura)
2020-11-06,Brighton And Hove Albion,Burnley,brighton,burnley,0,0,out_of_odds_range,Fuera del rango de fechas del CSV de cuotas (temporada 20/21 sin cobertura)
2020-11-28,Brighton And Hove Albion,Liverpool,brighton,liverpool,1,1,out_of_odds_range,Fuera del rango de fechas del CSV de cuotas (temporada 20/21 sin cobertura)
2020-12-07,Brighton And Hove Albion,Southampton,brighton,southampton,1,2,out_of_odds_range,Fuera del rango de fechas del CSV de cuotas (temporada 20/21 sin cobertura)
2020-12-20,Brighton And Hove Albion,Sheffield Utd,brighton,sheffield,1,1,out_of_odds_range,Fuera del rango de fechas del CSV de cuotas (temporada 20/21 sin cobertura)
2020-12-29,Brighton And Hove Albion,Arsenal,brighton,arsenal,0,1,out_of_odds_range,Fuera del rango de fechas del CSV de cuotas (temporada 20/21 sin cobertura)
2021-01-02,Brighton And Hove Albion,Wolves,brighton,wolves,3,3,out_of_odds_range,Fuera del rango de fechas del CSV de cuotas (temporada 20/21 sin cobertura)
2021-01-27,Brighton And Hove Albion,Fulham,brighton,fulham,0,0,out_of_odds_range,Fuera del rango de fechas del CSV de cuotas (temporada 20/21 sin cobertura)
2021-01-31,Brighton And Hove Albion,Tottenham,brighton,tottenham,1,0,out_of_odds_range,Fuera del rango de fechas del CSV de cuotas (temporada 20/21 sin cobertura)
2021-02-13,Brighton And Hove Albion,Aston Villa,brighton,aston villa,0,0,out_of_odds_range,Fuera del rango de fechas del CSV de cuotas (temporada 20/21 sin cobertura)
2021-02-22,Brighton And Hove Albion,Crystal Palace,brighton,crystal palace,1,2,out_of_odds_range,Fuera del rango de fechas del CSV de cuotas (temporada 20/21 sin cobertura)
2021-03-06,Brighton And Hove Albion,Leicester City,brighton,leicester,1,2,out_of_odds_range,Fuera del rango de fechas del CSV de cuotas (temporada 20/21 sin cobertura)
2021-03-20,Brighton And Hove Albion,Newcastle Utd,brighton,newcastle,3,0,out_of_odds_range,Fuera del rango de fechas del CSV de cuotas (temporada 20/21 sin cobertura)
2021-04-12,Brighton And Hove Albion,Everton,brighton,everton,0,0,out_of_odds_range,Fuera del rango de fechas del CSV de cuotas (temporada 20/21 sin cobertura)
2021-05-01,Brighton And Hove Albion,Leeds United,brighton,leeds,2,0,out_of_odds_range,Fuera del rango de fechas del CSV de cuotas (temporada 20/21 sin cobertura)
2021-05-15,Brighton And Hove Albion,West Ham,brighton,west ham,1,1,out_of_odds_range,Fuera del rango de fechas del CSV de cuotas (temporada 20/21 sin cobertura)
2021-05-18,Brighton And Hove Albion,Manchester City,brighton,man city,3,2,out_of_odds_range,Fuera del rango de fechas del CSV de cuotas (temporada 20/21 sin cobertura)
2020-09-26,Burnley,Southampton,burnley,southampton,0,1,out_of_odds_range,Fuera del rango de fechas del CSV de cuotas (temporada 20/21 sin cobertura)
2020-10-26,Burnley,Tottenham,burnley,tottenham,0,1,out_of_odds_range,Fuera del rango de fechas del CSV de cuotas (temporada 20/21 sin cobertura)
2020-10-31,Burnley,Chelsea,burnley,chelsea,0,3,out_of_odds_range,Fuera del rango de fechas del CSV de cuotas (temporada 20/21 sin cobertura)
2020-11-23,Burnley,Crystal Palace,burnley,crystal palace,1,0,out_of_odds_range,Fuera del rango de fechas del CSV de cuotas (temporada 20/21 sin cobertura)
2020-12-05,Burnley,Everton,burnley,everton,1,1,out_of_odds_range,Fuera del rango de fechas del CSV de cuotas (temporada 20/21 sin cobertura)
2020-12-21,Burnley,Wolves,burnley,wolves,2,1,out_of_odds_range,Fuera del rango de fechas del CSV de cuotas (temporada 20/21 sin cobertura)
2020-12-29,Burnley,Sheffield Utd,burnley,sheffield,1,0,out_of_odds_range,Fuera del rango de fechas del CSV de cuotas (temporada 20/21 sin cobertura)
2021-01-12,Burnley,Manchester Utd,burnley,man utd,0,1,out_of_odds_range,Fuera del rango de fechas del CSV de cuotas (temporada 20/21 sin cobertura)
2021-01-27,Burnley,Aston Villa,burnley,aston villa,3,2,out_of_odds_range,Fuera del rango de fechas del CSV de cuotas (temporada 20/21 sin cobertura)
2021-02-03,Burnley,Manchester City,burnley,man city,0,2,out_of_odds_range,Fuera del rango de fechas del CSV de cuotas (temporada 20/21 sin cobertura)
2021-02-06,Burnley,Brighton,burnley,brighton,1,1,out_of_odds_range,Fuera del rango de fechas del CSV de cuotas (temporada 20/21 sin cobertura)
2021-02-17,Burnley,Fulham,burnley,fulham,1,1,out_of_odds_range,Fuera del rango de fechas del CSV de cuotas (temporada 20/21 sin cobertura)
2021-02-20,Burnley,West Brom,burnley,west brom,0,0,out_of_odds_range,Fuera del rango de fechas del CSV de cuotas (temporada 20/21 sin cobertura)
2021-03-03,Burnley,Leicester City,burnley,leicester,1,1,out_of_odds_range,Fuera del rango de fechas del CSV de cuotas (temporada 20/21 sin cobertura)
2021-03-06,Burnley,Arsenal,burnley,arsenal,1,1,out_of_odds_range,Fuera del rango de fechas del CSV de cuotas (temporada 20/21 sin cobertura)
2021-04-11,Burnley,Newcastle Utd,burnley,newcastle,1,2,out_of_odds_range,Fuera del rango de fechas del CSV de cuotas (temporada 20/21 sin cobertura)
2021-05-03,Burnley,West Ham,burnley,west ham,1,2,out_of_odds_range,Fuera del rango de fechas del CSV de cuotas (temporada 20/21 sin cobertura)
2021-05-15,Burnley,Leeds United,burnley,leeds,0,4,out_of_odds_range,Fuera del rango de fechas del CSV de cuotas (temporada 20/21 sin cobertura)
2021-05-19,Burnley,Liverpool,burnley,liverpool,0,3,out_of_odds_range,Fuera del rango de fechas del CSV de cuotas (temporada 20/21 sin cobertura)
2020-09-20,Chelsea,Liverpool,chelsea,liverpool,0,2,out_of_odds_range,Fuera del rango de fechas del CSV de cuotas (temporada 20/21 sin cobertura)
2020-10-03,Chelsea,Crystal Palace,chelsea,crystal palace,4,0,out_of_odds_range,Fuera del rango de fechas del CSV de cuotas (temporada 20/21 sin cobertura)
2020-10-17,Chelsea,Southampton,chelsea,southampton,3,3,out_of_odds_range,Fuera del rango de fechas del CSV de cuotas (temporada 20/21 sin cobertura)
2020-11-07,Chelsea,Sheffield Utd,chelsea,sheffield,4,1,out_of_odds_range,Fuera del rango de fechas del CSV de cuotas (temporada 20/21 sin cobertura)
2020-11-29,Chelsea,Tottenham,chelsea,tottenham,0,0,out_of_odds_range,Fuera del rango de fechas del CSV de cuotas (temporada 20/21 sin cobertura)
2020-12-05,Chelsea,Leeds United,chelsea,leeds,3,1,out_of_odds_range,Fuera del rango de fechas del CSV de cuotas (temporada 20/21 sin cobertura)
2020-12-21,Chelsea,West Ham,chelsea,west ham,3,0,out_of_odds_range,Fuera del rango de fechas del CSV de cuotas (temporada 20/21 sin cobertura)
2020-12-28,Chelsea,Aston Villa,chelsea,aston villa,1,1,out_of_odds_range,Fuera del rango de fechas del CSV de cuotas (temporada 20/21 sin cobertura)
2021-01-03,Chelsea,Manchester City,chelsea,man city,1,3,out_of_odds_range,Fuera del rango de fechas del CSV de cuotas (temporada 20/21 sin cobertura)
2021-01-27,Chelsea,Wolves,chelsea,wolves,0,0,out_of_odds_range,Fuera del rango de fechas del CSV de cuotas (temporada 20/21 sin cobertura)
2021-01-31,Chelsea,Burnley,chelsea,burnley,2,0,out_of_odds_range,Fuera del rango de fechas del CSV de cuotas (temporada 20/21 sin cobertura)
2021-02-15,Chelsea,Newcastle Utd,chelsea,newcastle,2,0,out_of_odds_range,Fuera del rango de fechas del CSV de cuotas (temporada 20/21 sin cobertura)
2021-02-28,Chelsea,Manchester Utd,chelsea,man utd,0,0,out_of_odds_range,Fuera del rango de fechas del CSV de cuotas (temporada 20/21 sin cobertura)
2021-03-08,Chelsea,Everton,chelsea,everton,2,0,out_of_odds_range,Fuera del rango de fechas del CSV de cuotas (temporada 20/21 sin cobertura)
2021-04-03,Chelsea,West Brom,chelsea,west brom,2,5,out_of_odds_range,Fuera del rango de fechas del CSV de cuotas (temporada 20/21 sin cobertura)
2021-04-20,Chelsea,Brighton,chelsea,brighton,0,0,out_of_odds_range,Fuera del rango de fechas del CSV de cuotas (temporada 20/21 sin cobertura)
2021-05-01,Chelsea,Fulham,chelsea,fulham,2,0,out_of_odds_range,Fuera del rango de fechas del CSV de cuotas (temporada 20/21 sin cobertura)
2021-05-12,Chelsea,Arsenal,chelsea,arsenal,0,1,out_of_odds_range,Fuera del rango de fechas del CSV de cuotas (temporada 20/21 sin cobertura)
2021-05-18,Chelsea,Leicester City,chelsea,leicester,2,1,out_of_odds_range,Fuera del rango de fechas del CSV de cuotas (temporada 20/21 sin cobertura)
2020-09-12,Crystal Palace,Southampton,crystal palace,southampton,1,0,out_of_odds_range,Fuera del rango de fechas del CSV de cuotas (temporada 20/21 sin cobertura)
2020-09-26,Crystal Palace,Everton,crystal palace,everton,1,2,out_of_odds_range,Fuera del rango de fechas del CSV de cuotas (temporada 20/21 sin cobertura)
2020-10-18,Crystal Palace,Brighton,crystal palace,brighton,1,1,out_of_odds_range,Fuera del rango de fechas del CSV de cuotas (temporada 20/21 sin cobertura)
2020-11-07,Crystal Palace,Leeds United,crystal palace,leeds,4,1,out_of_odds_range,Fuera del rango de fechas del CSV de cuotas (temporada 20/21 sin cobertura)
2020-11-27,Crystal Palace,Newcastle Utd,crystal palace,newcastle,0,2,out_of_odds_range,Fuera del rango de fechas del CSV de cuotas (temporada 20/21 sin cobertura)
2020-12-13,Crystal Palace,Tottenham,crystal palace,tottenham,1,1,out_of_odds_range,Fuera del rango de fechas del CSV de cuotas (temporada 20/21 sin cobertura)
2020-12-19,Crystal Palace,Liverpool,crystal palace,liverpool,0,7,out_of_odds_range,Fuera del rango de fechas del CSV de cuotas (temporada 20/21 sin cobertura)
2020-12-28,Crystal Palace,Leicester City,crystal palace,leicester,1,1,out_of_odds_range,Fuera del rango de fechas del CSV de cuotas (temporada 20/21 sin cobertura)
2021-01-02,Crystal Palace,Sheffield Utd,crystal palace,sheffield,2,0,out_of_odds_range,Fuera del rango de fechas del CSV de cuotas (temporada 20/21 sin cobertura)
2021-01-26,Crystal Palace,West Ham,crystal palace,west ham,2,3,out_of_odds_range,Fuera del rango de fechas del CSV de cuotas (temporada 20/21 sin cobertura)
2021-01-30,Crystal Palace,Wolves,crystal palace,wolves,1,0,out_of_odds_range,Fuera del rango de fechas del CSV de cuotas (temporada 20/21 sin cobertura)
2021-02-13,Crystal Palace,Burnley,crystal palace,burnley,0,3,out_of_odds_range,Fuera del rango de fechas del CSV de cuotas (temporada 20/21 sin cobertura)
2021-02-28,Crystal Palace,Fulham,crystal palace,fulham,0,0,out_of_odds_range,Fuera del rango de fechas del CSV de cuotas (temporada 20/21 sin cobertura)
2021-03-03,Crystal Palace,Manchester Utd,crystal palace,man utd,0,0,out_of_odds_range,Fuera del rango de fechas del CSV de cuotas (temporada 20/21 sin cobertura)
2021-03-13,Crystal Palace,West Brom,crystal palace,west brom,1,0,out_of_odds_range,Fuera del rango de fechas del CSV de cuotas (temporada 20/21 sin cobertura)
2021-04-10,Crystal Palace,Chelsea,crystal palace,chelsea,1,4,out_of_odds_range,Fuera del rango de fechas del CSV de cuotas (temporada 20/21 sin cobertura)
2021-05-01,Crystal Palace,Manchester City,crystal palace,man city,0,2,out_of_odds_range,Fuera del rango de fechas del CSV de cuotas (temporada 20/21 sin cobertura)
2021-05-16,Crystal Palace,Aston Villa,crystal palace,aston villa,3,2,out_of_odds_range,Fuera del rango de fechas del CSV de cuotas (temporada 20/21 sin cobertura)
2021-05-19,Crystal Palace,Arsenal,crystal palace,arsenal,1,3,out_of_odds_range,Fuera del rango de fechas del CSV de cuotas (temporada 20/21 sin cobertura)
2020-09-19,Everton,West Brom,everton,west brom,5,2,out_of_odds_range,Fuera del rango de fechas del CSV de cuotas (temporada 20/21 sin cobertura)
2020-10-03,Everton,Brighton,everton,brighton,4,2,out_of_odds_range,Fuera del rango de fechas del CSV de cuotas (temporada 20/21 sin cobertura)
2020-10-17,Everton,Liverpool,everton,liverpool,2,2,out_of_odds_range,Fuera del rango de fechas del CSV de cuotas (temporada 20/21 sin cobertura)
2020-11-07,Everton,Manchester Utd,everton,man utd,1,3,out_of_odds_range,Fuera del rango de fechas del CSV de cuotas (temporada 20/21 sin cobertura)
2020-11-28,Everton,Leeds United,everton,leeds,0,1,out_of_odds_range,Fuera del rango de fechas del CSV de cuotas (temporada 20/21 sin cobertura)
2020-12-12,Everton,Chelsea,everton,chelsea,1,0,out_of_odds_range,Fuera del rango de fechas del CSV de cuotas (temporada 20/21 sin cobertura)
2020-12-19,Everton,Arsenal,everton,arsenal,2,1,out_of_odds_range,Fuera del rango de fechas del CSV de cuotas (temporada 20/21 sin cobertura)
2021-01-01,Everton,West Ham,everton,west ham,0,1,out_of_odds_range,Fuera del rango de fechas del CSV de cuotas (temporada 20/21 sin cobertura)
2021-01-27,Everton,Leicester City,everton,leicester,1,1,out_of_odds_range,Fuera del rango de fechas del CSV de cuotas (temporada 20/21 sin cobertura)
2021-01-30,Everton,Newcastle Utd,everton,newcastle,0,2,out_of_odds_range,Fuera del rango de fechas del CSV de cuotas (temporada 20/21 sin cobertura)
2021-02-14,Everton,Fulham,everton,fulham,0,2,out_of_odds_range,Fuera del rango de fechas del CSV de cuotas (temporada 20/21 sin cobertura)
2021-02-17,Everton,Manchester City,everton,man city,1,3,out_of_odds_range,Fuera del rango de fechas del CSV de cuotas (temporada 20/21 sin cobertura)
2021-03-01,Everton,Southampton,everton,southampton,1,0,out_of_odds_range,Fuera del rango de fechas del CSV de cuotas (temporada 20/21 sin cobertura)
2021-03-13,Everton,Burnley,everton,burnley,1,2,out_of_odds_range,Fuera del rango de fechas del CSV de cuotas (temporada 20/21 sin cobertura)
2021-04-05,Everton,Crystal Palace,everton,crystal palace,1,1,out_of_odds_range,Fuera del rango de fechas del CSV de cuotas (temporada 20/21 sin cobertura)
2021-04-16,Everton,Tottenham,everton,tottenham,2,2,out_of_odds_range,Fuera del rango de fechas del CSV de cuotas (temporada 20/21 sin cobertura)
2021-05-01,Everton,Aston Villa,everton,aston villa,1,2,out_of_odds_range,Fuera del rango de fechas del CSV de cuotas (temporada 20/21 sin cobertura)
2021-05-16,Everton,Sheffield Utd,everton,sheffield,0,1,out_of_odds_range,Fuera del rango de fechas del CSV de cuotas (temporada 20/21 sin cobertura)
2021-05-19,Everton,Wolves,everton,wolves,1,0,out_of_odds_range,Fuera del rango de fechas del CSV de cuotas (temporada 20/21 sin cobertura)
2020-09-12,Fulham,Arsenal,fulham,arsenal,0,3,out_of_odds_range,Fuera del rango de fechas del CSV de cuotas (temporada 20/21 sin cobertura)
2020-09-28,Fulham,Aston Villa,fulham,aston villa,0,3,out_of_odds_range,Fuera del rango de fechas del CSV de cuotas (temporada 20/21 sin cobertura)
2020-10-24,Fulham,Crystal Palace,fulham,crystal palace,1,2,out_of_odds_range,Fuera del rango de fechas del CSV de cuotas (temporada 20/21 sin cobertura)
2020-11-02,Fulham,West Brom,fulham,west brom,2,0,out_of_odds_range,Fuera del rango de fechas del CSV de cuotas (temporada 20/21 sin cobertura)
2020-11-22,Fulham,Everton,fulham,everton,2,3,out_of_odds_range,Fuera del rango de fechas del CSV de cuotas (temporada 20/21 sin cobertura)
2020-12-13,Fulham,Liverpool,fulham,liverpool,1,1,out_of_odds_range,Fuera del rango de fechas del CSV de cuotas (temporada 20/21 sin cobertura)
2020-12-16,Fulham,Brighton,fulham,brighton,0,0,out_of_odds_range,Fuera del rango de fechas del CSV de cuotas (temporada 20/21 sin cobertura)
2020-12-26,Fulham,Southampton,fulham,southampton,0,0,out_of_odds_range,Fuera del rango de fechas del CSV de cuotas (temporada 20/21 sin cobertura)
2021-01-16,Fulham,Chelsea,fulham,chelsea,0,1,out_of_odds_range,Fuera del rango de fechas del CSV de cuotas (temporada 20/21 sin cobertura)
2021-01-20,Fulham,Manchester Utd,fulham,man utd,1,2,out_of_odds_range,Fuera del rango de fechas del CSV de cuotas (temporada 20/21 sin cobertura)
2021-02-03,Fulham,Leicester City,fulham,leicester,0,2,out_of_odds_range,Fuera del rango de fechas del CSV de cuotas (temporada 20/21 sin cobertura)
2021-02-06,Fulham,West Ham,fulham,west ham,0,0,out_of_odds_range,Fuera del rango de fechas del CSV de cuotas (temporada 20/21 sin cobertura)
2021-02-20,Fulham,Sheffield Utd,fulham,sheffield,1,0,out_of_odds_range,Fuera del rango de fechas del CSV de cuotas (temporada 20/21 sin cobertura)
2021-03-04,Fulham,Tottenham,fulham,tottenham,0,1,out_of_odds_range,Fuera del rango de fechas del CSV de cuotas (temporada 20/21 sin cobertura)
2021-03-13,Fulham,Manchester City,fulham,man city,0,3,out_of_odds_range,Fuera del rango de fechas del CSV de cuotas (temporada 20/21 sin cobertura)
2021-03-19,Fulham,Leeds United,fulham,leeds,1,2,out_of_odds_range,Fuera del rango de fechas del CSV de cuotas (temporada 20/21 sin cobertura)
2021-04-09,Fulham,Wolves,fulham,wolves,0,1,out_of_odds_range,Fuera del rango de fechas del CSV de cuotas (temporada 20/21 sin cobertura)
2021-05-10,Fulham,Burnley,fulham,burnley,0,2,out_of_odds_range,Fuera del rango de fechas del CSV de cuotas (temporada 20/21 sin cobertura)
2021-05-23,Fulham,Newcastle Utd,fulham,newcastle,0,2,out_of_odds_range,Fuera del rango de fechas del CSV de cuotas (temporada 20/21 sin cobertura)
2020-09-19,Leeds United,Fulham,leeds,fulham,4,3,out_of_odds_range,Fuera del rango de fechas del CSV de cuotas (temporada 20/21 sin cobertura)
2020-10-03,Leeds United,Manchester City,leeds,man city,1,1,out_of_odds_range,Fuera del rango de fechas del CSV de cuotas (temporada 20/21 sin cobertura)
2020-10-19,Leeds United,Wolves,leeds,wolves,0,1,out_of_odds_range,Fuera del rango de fechas del CSV de cuotas (temporada 20/21 sin cobertura)
2020-11-02,Leeds United,Leicester City,leeds,leicester,1,4,out_of_odds_range,Fuera del rango de fechas del CSV de cuotas (temporada 20/21 sin cobertura)
2020-11-22,Leeds United,Arsenal,leeds,arsenal,0,0,out_of_odds_range,Fuera del rango de fechas del CSV de cuotas (temporada 20/21 sin cobertura)
2020-12-11,Leeds United,West Ham,leeds,west ham,1,2,out_of_odds_range,Fuera del rango de fechas del CSV de cuotas (temporada 20/21 sin cobertura)
2020-12-16,Leeds United,Newcastle Utd,leeds,newcastle,5,2,out_of_odds_range,Fuera del rango de fechas del CSV de cuotas (temporada 20/21 sin cobertura)
2020-12-27,Leeds United,Burnley,leeds,burnley,1,0,out_of_odds_range,Fuera del rango de fechas del CSV de cuotas (temporada 20/21 sin cobertura)
2021-01-16,Leeds United,Brighton,leeds,brighton,0,1,out_of_odds_range,Fuera del rango de fechas del CSV de cuotas (temporada 20/21 sin cobertura)
2021-02-03,Leeds United,Everton,leeds,everton,1,2,out_of_odds_range,Fuera del rango de fechas del CSV de cuotas (temporada 20/21 sin cobertura)
2021-02-08,Leeds United,Crystal Palace,leeds,crystal palace,2,0,out_of_odds_range,Fuera del rango de fechas del CSV de cuotas (temporada 20/21 sin cobertura)
2021-02-23,Leeds United,Southampton,leeds,southampton,3,0,out_of_odds_range,Fuera del rango de fechas del CSV de cuotas (temporada 20/21 sin cobertura)
2021-02-27,Leeds United,Aston Villa,leeds,aston villa,0,1,out_of_odds_range,Fuera del rango de fechas del CSV de cuotas (temporada 20/21 sin cobertura)
2021-03-13,Leeds United,Chelsea,leeds,chelsea,0,0,out_of_odds_range,Fuera del rango de fechas del CSV de cuotas (temporada 20/21 sin cobertura)
2021-04-03,Leeds United,Sheffield Utd,leeds,sheffield,2,1,out_of_odds_range,Fuera del rango de fechas del CSV de cuotas (temporada 20/21 sin cobertura)
2021-04-19,Leeds United,Liverpool,leeds,liverpool,1,1,out_of_odds_range,Fuera del rango de fechas del CSV de cuotas (temporada 20/21 sin cobertura)
2021-04-25,Leeds United,Manchester Utd,leeds,man utd,0,0,out_of_odds_range,Fuera del rango de fechas del CSV de cuotas (temporada 20/21 sin cobertura)
2021-05-08,Leeds United,Tottenham,leeds,tottenham,3,1,out_of_odds_range,Fuera del rango de fechas del CSV de cuotas (temporada 20/21 sin cobertura)
2021-05-23,Leeds United,West Brom,leeds,west brom,3,1,out_of_odds_range,Fuera del rango de fechas del CSV de cuotas (temporada 20/21 sin cobertura)
2020-09-20,Leicester City,Burnley,leicester,burnley,4,2,out_of_odds_range,Fuera del rango de fechas del CSV de cuotas (temporada 20/21 sin cobertura)
2020-10-04,Leicester City,West Ham,leicester,west ham,0,3,out_of_odds_range,Fuera del rango de fechas del CSV de cuotas (temporada 20/21 sin cobertura)
2020-10-18,Leicester City,Aston Villa,leicester,aston villa,0,1,out_of_odds_range,Fuera del rango de fechas del CSV de cuotas (temporada 20/21 sin cobertura)
2020-11-08,Leicester City,Wolves,leicester,wolves,1,0,out_of_odds_range,Fuera del rango de fechas del CSV de cuotas (temporada 20/21 sin cobertura)
2020-11-30,Leicester City,Fulham,leicester,fulham,1,2,out_of_odds_range,Fuera del rango de fechas del CSV de cuotas (temporada 20/21 sin cobertura)
2020-12-13,Leicester City,Brighton,leicester,brighton,3,0,out_of_odds_range,Fuera del rango de fechas del CSV de cuotas (temporada 20/21 sin cobertura)
2020-12-16,Leicester City,Everton,leicester,everton,0,2,out_of_odds_range,Fuera del rango de fechas del CSV de cuotas (temporada 20/21 sin cobertura)
2020-12-26,Leicester City,Manchester Utd,leicester,man utd,2,2,out_of_odds_range,Fuera del rango de fechas del CSV de cuotas (temporada 20/21 sin cobertura)
2021-01-16,Leicester City,Southampton,leicester,southampton,2,0,out_of_odds_range,Fuera del rango de fechas del CSV de cuotas (temporada 20/21 sin cobertura)
2021-01-19,Leicester City,Chelsea,leicester,chelsea,2,0,out_of_odds_range,Fuera del rango de fechas del CSV de cuotas (temporada 20/21 sin cobertura)
2021-01-31,Leicester City,Leeds United,leicester,leeds,1,3,out_of_odds_range,Fuera del rango de fechas del CSV de cuotas (temporada 20/21 sin cobertura)
2021-02-13,Leicester City,Liverpool,leicester,liverpool,3,1,out_of_odds_range,Fuera del rango de fechas del CSV de cuotas (temporada 20/21 sin cobertura)
2021-02-28,Leicester City,Arsenal,leicester,arsenal,1,3,out_of_odds_range,Fuera del rango de fechas del CSV de cuotas (temporada 20/21 sin cobertura)
2021-03-14,Leicester City,Sheffield Utd,leicester,sheffield,5,0,out_of_odds_range,Fuera del rango de fechas del CSV de cuotas (temporada 20/21 sin cobertura)
2021-04-03,Leicester City,Manchester City,leicester,man city,0,2,out_of_odds_range,Fuera del rango de fechas del CSV de cuotas (temporada 20/21 sin cobertura)
2021-04-22,Leicester City,West Brom,leicester,west brom,3,0,out_of_odds_range,Fuera del rango de fechas del CSV de cuotas (temporada 20/21 sin cobertura)
2021-04-26,Leicester City,Crystal Palace,leicester,crystal palace,2,1,out_of_odds_range,Fuera del rango de fechas del CSV de cuotas (temporada 20/21 sin cobertura)
2021-05-07,Leicester City,Newcastle Utd,leicester,newcastle,2,4,out_of_odds_range,Fuera del rango de fechas del CSV de cuotas (temporada 20/21 sin cobertura)
2021-05-23,Leicester City,Tottenham,leicester,tottenham,2,4,out_of_odds_range,Fuera del rango de fechas del CSV de cuotas (temporada 20/21 sin cobertura)
2020-09-12,Liverpool,Leeds United,liverpool,leeds,4,3,out_of_odds_range,Fuera del rango de fechas del CSV de cuotas (temporada 20/21 sin cobertura)
2020-09-28,Liverpool,Arsenal,liverpool,arsenal,3,1,out_of_odds_range,Fuera del rango de fechas del CSV de cuotas (temporada 20/21 sin cobertura)
2020-10-24,Liverpool,Sheffield Utd,liverpool,sheffield,2,1,out_of_odds_range,Fuera del rango de fechas del CSV de cuotas (temporada 20/21 sin cobertura)
2020-10-31,Liverpool,West Ham,liverpool,west ham,2,1,out_of_odds_range,Fuera del rango de fechas del CSV de cuotas (temporada 20/21 sin cobertura)
2020-11-22,Liverpool,Leicester City,liverpool,leicester,3,0,out_of_odds_range,Fuera del rango de fechas del CSV de cuotas (temporada 20/21 sin cobertura)
2020-12-06,Liverpool,Wolves,liverpool,wolves,4,0,out_of_odds_range,Fuera del rango de fechas del CSV de cuotas (temporada 20/21 sin cobertura)
2020-12-16,Liverpool,Tottenham,liverpool,tottenham,2,1,out_of_odds_range,Fuera del rango de fechas del CSV de cuotas (temporada 20/21 sin cobertura)
2020-12-27,Liverpool,West Brom,liverpool,west brom,1,1,out_of_odds_range,Fuera del rango de fechas del CSV de cuotas (temporada 20/21 sin cobertura)
2021-01-17,Liverpool,Manchester Utd,liverpool,man utd,0,0,out_of_odds_range,Fuera del rango de fechas del CSV de cuotas (temporada 20/21 sin cobertura)
2021-01-21,Liverpool,Burnley,liverpool,burnley,0,1,out_of_odds_range,Fuera del rango de fechas del CSV de cuotas (temporada 20/21 sin cobertura)
2021-02-03,Liverpool,Brighton,liverpool,brighton,0,1,out_of_odds_range,Fuera del rango de fechas del CSV de cuotas (temporada 20/21 sin cobertura)
2021-02-07,Liverpool,Manchester City,liverpool,man city,1,4,out_of_odds_range,Fuera del rango de fechas del CSV de cuotas (temporada 20/21 sin cobertura)
2021-02-20,Liverpool,Everton,liverpool,everton,0,2,out_of_odds_range,Fuera del rango de fechas del CSV de cuotas (temporada 20/21 sin cobertura)
2021-03-04,Liverpool,Chelsea,liverpool,chelsea,0,1,out_of_odds_range,Fuera del rango de fechas del CSV de cuotas (temporada 20/21 sin cobertura)
2021-03-07,Liverpool,Fulham,liverpool,fulham,0,1,out_of_odds_range,Fuera del rango de fechas del CSV de cuotas (temporada 20/21 sin cobertura)
2021-04-10,Liverpool,Aston Villa,liverpool,aston villa,2,1,out_of_odds_range,Fuera del rango de fechas del CSV de cuotas (temporada 20/21 sin cobertura)
2021-04-24,Liverpool,Newcastle Utd,liverpool,newcastle,1,1,out_of_odds_range,Fuera del rango de fechas del CSV de cuotas (temporada 20/21 sin cobertura)
2021-05-08,Liverpool,Southampton,liverpool,southampton,2,0,out_of_odds_range,Fuera del rango de fechas del CSV de cuotas (temporada 20/21 sin cobertura)
2021-05-23,Liverpool,Crystal Palace,liverpool,crystal palace,2,0,out_of_odds_range,Fuera del rango de fechas del CSV de cuotas (temporada 20/21 sin cobertura)
2020-09-27,Manchester City,Leicester City,man city,leicester,2,5,out_of_odds_range,Fuera del rango de fechas del CSV de cuotas (temporada 20/21 sin cobertura)
2020-10-17,Manchester City,Arsenal,man city,arsenal,1,0,out_of_odds_range,Fuera del rango de fechas del CSV de cuotas (temporada 20/21 sin cobertura)
2020-11-08,Manchester City,Liverpool,man city,liverpool,1,1,out_of_odds_range,Fuera del rango de fechas del CSV de cuotas (temporada 20/21 sin cobertura)
2020-11-28,Manchester City,Burnley,man city,burnley,5,0,out_of_odds_range,Fuera del rango de fechas del CSV de cuotas (temporada 20/21 sin cobertura)
2020-12-05,Manchester City,Fulham,man city,fulham,2,0,out_of_odds_range,Fuera del rango de fechas del CSV de cuotas (temporada 20/21 sin cobertura)
2020-12-15,Manchester City,West Brom,man city,west brom,1,1,out_of_odds_range,Fuera del rango de fechas del CSV de cuotas (temporada 20/21 sin cobertura)
2020-12-26,Manchester City,Newcastle Utd,man city,newcastle,2,0,out_of_odds_range,Fuera del rango de fechas del CSV de cuotas (temporada 20/21 sin cobertura)
2021-01-13,Manchester City,Brighton,man city,brighton,1,0,out_of_odds_range,Fuera del rango de fechas del CSV de cuotas (temporada 20/21 sin cobertura)
2021-01-17,Manchester City,Crystal Palace,man city,crystal palace,4,0,out_of_odds_range,Fuera del rango de fechas del CSV de cuotas (temporada 20/21 sin cobertura)
2021-01-20,Manchester City,Aston Villa,man city,aston villa,2,0,out_of_odds_range,Fuera del rango de fechas del CSV de cuotas (temporada 20/21 sin cobertura)
2021-01-30,Manchester City,Sheffield Utd,man city,sheffield,1,0,out_of_odds_range,Fuera del rango de fechas del CSV de cuotas (temporada 20/21 sin cobertura)
2021-02-13,Manchester City,Tottenham,man city,tottenham,3,0,out_of_odds_range,Fuera del rango de fechas del CSV de cuotas (temporada 20/21 sin cobertura)
2021-02-27,Manchester City,West Ham,man city,west ham,2,1,out_of_odds_range,Fuera del rango de fechas del CSV de cuotas (temporada 20/21 sin cobertura)
2021-03-02,Manchester City,Wolves,man city,wolves,4,1,out_of_odds_range,Fuera del rango de fechas del CSV de cuotas (temporada 20/21 sin cobertura)
2021-03-07,Manchester City,Manchester Utd,man city,man utd,0,2,out_of_odds_range,Fuera del rango de fechas del CSV de cuotas (temporada 20/21 sin cobertura)
2021-03-10,Manchester City,Southampton,man city,southampton,5,2,out_of_odds_range,Fuera del rango de fechas del CSV de cuotas (temporada 20/21 sin cobertura)
2021-04-10,Manchester City,Leeds United,man city,leeds,1,2,out_of_odds_range,Fuera del rango de fechas del CSV de cuotas (temporada 20/21 sin cobertura)
2021-05-08,Manchester City,Chelsea,man city,chelsea,1,2,out_of_odds_range,Fuera del rango de fechas del CSV de cuotas (temporada 20/21 sin cobertura)
2021-05-23,Manchester City,Everton,man city,everton,5,0,out_of_odds_range,Fuera del rango de fechas del CSV de cuotas (temporada 20/21 sin cobertura)
2020-09-19,Manchester United,Crystal Palace,man utd,crystal palace,1,3,out_of_odds_range,Fuera del rango de fechas del CSV de cuotas (temporada 20/21 sin cobertura)
2020-10-04,Manchester United,Tottenham,man utd,tottenham,1,6,out_of_odds_range,Fuera del rango de fechas del CSV de cuotas (temporada 20/21 sin cobertura)
2020-10-24,Manchester United,Chelsea,man utd,chelsea,0,0,out_of_odds_range,Fuera del rango de fechas del CSV de cuotas (temporada 20/21 sin cobertura)
2020-11-01,Manchester United,Arsenal,man utd,arsenal,0,1,out_of_odds_range,Fuera del rango de fechas del CSV de cuotas (temporada 20/21 sin cobertura)
2020-11-21,Manchester United,West Brom,man utd,west brom,1,0,out_of_odds_range,Fuera del rango de fechas del CSV de cuotas (temporada 20/21 sin cobertura)
2020-12-12,Manchester United,Manchester City,man utd,man city,0,0,out_of_odds_range,Fuera del rango de fechas del CSV de cuotas (temporada 20/21 sin cobertura)
2020-12-20,Manchester United,Leeds United,man utd,leeds,6,2,out_of_odds_range,Fuera del rango de fechas del CSV de cuotas (temporada 20/21 sin cobertura)
2020-12-29,Manchester United,Wolves,man utd,wolves,1,0,out_of_odds_range,Fuera del rango de fechas del CSV de cuotas (temporada 20/21 sin cobertura)
2021-01-01,Manchester United,Aston Villa,man utd,aston villa,2,1,out_of_odds_range,Fuera del rango de fechas del CSV de cuotas (temporada 20/21 sin cobertura)
2021-01-27,Manchester United,Sheffield Utd,man utd,sheffield,1,2,out_of_odds_range,Fuera del rango de fechas del CSV de cuotas (temporada 20/21 sin cobertura)
2021-02-02,Manchester United,Southampton,man utd,southampton,9,0,out_of_odds_range,Fuera del rango de fechas del CSV de cuotas (temporada 20/21 sin cobertura)
2021-02-06,Manchester United,Everton,man utd,everton,3,3,out_of_odds_range,Fuera del rango de fechas del CSV de cuotas (temporada 20/21 sin cobertura)
2021-02-21,Manchester United,Newcastle Utd,man utd,newcastle,3,1,out_of_odds_range,Fuera del rango de fechas del CSV de cuotas (temporada 20/21 sin cobertura)
2021-03-14,Manchester United,West Ham,man utd,west ham,1,0,out_of_odds_range,Fuera del rango de fechas del CSV de cuotas (temporada 20/21 sin cobertura)
2021-04-04,Manchester United,Brighton,man utd,brighton,2,1,out_of_odds_range,Fuera del rango de fechas del CSV de cuotas (temporada 20/21 sin cobertura)
2021-04-18,Manchester United,Burnley,man utd,burnley,3,1,out_of_odds_range,Fuera del rango de fechas del CSV de cuotas (temporada 20/21 sin cobertura)
2021-05-11,Manchester United,Leicester City,man utd,leicester,1,2,out_of_odds_range,Fuera del rango de fechas del CSV de cuotas (temporada 20/21 sin cobertura)
2021-05-13,Manchester United,Liverpool,man utd,liverpool,2,4,out_of_odds_range,Fuera del rango de fechas del CSV de cuotas (temporada 20/21 sin cobertura)
2021-05-18,Manchester United,Fulham,man utd,fulham,1,1,out_of_odds_range,Fuera del rango de fechas del CSV de cuotas (temporada 20/21 sin cobertura)
2020-09-20,Newcastle United,Brighton,newcastle,brighton,0,3,out_of_odds_range,Fuera del rango de fechas del CSV de cuotas (temporada 20/21 sin cobertura)
2020-10-03,Newcastle United,Burnley,newcastle,burnley,3,1,out_of_odds_range,Fuera del rango de fechas del CSV de cuotas (temporada 20/21 sin cobertura)
2020-10-17,Newcastle United,Manchester Utd,newcastle,man utd,1,4,out_of_odds_range,Fuera del rango de fechas del CSV de cuotas (temporada 20/21 sin cobertura)
2020-11-01,Newcastle United,Everton,newcastle,everton,2,1,out_of_odds_range,Fuera del rango de fechas del CSV de cuotas (temporada 20/21 sin cobertura)
2020-11-21,Newcastle United,Chelsea,newcastle,chelsea,0,2,out_of_odds_range,Fuera del rango de fechas del CSV de cuotas (temporada 20/21 sin cobertura)
2020-12-12,Newcastle United,West Brom,newcastle,west brom,2,1,out_of_odds_range,Fuera del rango de fechas del CSV de cuotas (temporada 20/21 sin cobertura)
2020-12-19,Newcastle United,Fulham,newcastle,fulham,1,1,out_of_odds_range,Fuera del rango de fechas del CSV de cuotas (temporada 20/21 sin cobertura)
2020-12-30,Newcastle United,Liverpool,newcastle,liverpool,0,0,out_of_odds_range,Fuera del rango de fechas del CSV de cuotas (temporada 20/21 sin cobertura)
2021-01-03,Newcastle United,Leicester City,newcastle,leicester,1,2,out_of_odds_range,Fuera del rango de fechas del CSV de cuotas (temporada 20/21 sin cobertura)
2021-01-26,Newcastle United,Leeds United,newcastle,leeds,1,2,out_of_odds_range,Fuera del rango de fechas del CSV de cuotas (temporada 20/21 sin cobertura)
2021-02-02,Newcastle United,Crystal Palace,newcastle,crystal palace,1,2,out_of_odds_range,Fuera del rango de fechas del CSV de cuotas (temporada 20/21 sin cobertura)
2021-02-06,Newcastle United,Southampton,newcastle,southampton,3,2,out_of_odds_range,Fuera del rango de fechas del CSV de cuotas (temporada 20/21 sin cobertura)
2021-02-27,Newcastle United,Wolves,newcastle,wolves,1,1,out_of_odds_range,Fuera del rango de fechas del CSV de cuotas (temporada 20/21 sin cobertura)
2021-03-12,Newcastle United,Aston Villa,newcastle,aston villa,1,1,out_of_odds_range,Fuera del rango de fechas del CSV de cuotas (temporada 20/21 sin cobertura)
2021-04-04,Newcastle United,Tottenham,newcastle,tottenham,2,2,out_of_odds_range,Fuera del rango de fechas del CSV de cuotas (temporada 20/21 sin cobertura)
2021-04-17,Newcastle United,West Ham,newcastle,west ham,3,2,out_of_odds_range,Fuera del rango de fechas del CSV de cuotas (temporada 20/21 sin cobertura)
2021-05-02,Newcastle United,Arsenal,newcastle,arsenal,0,2,out_of_odds_range,Fuera del rango de fechas del CSV de cuotas (temporada 20/21 sin cobertura)
2021-05-14,Newcastle United,Manchester City,newcastle,man city,3,4,out_of_odds_range,Fuera del rango de fechas del CSV de cuotas (temporada 20/21 sin cobertura)
2021-05-19,Newcastle United,Sheffield Utd,newcastle,sheffield,1,0,out_of_odds_range,Fuera del rango de fechas del CSV de cuotas (temporada 20/21 sin cobertura)
2020-09-14,Sheffield United,Wolves,sheffield,wolves,0,2,out_of_odds_range,Fuera del rango de fechas del CSV de cuotas (temporada 20/21 sin cobertura)
2020-09-27,Sheffield United,Leeds United,sheffield,leeds,0,1,out_of_odds_range,Fuera del rango de fechas del CSV de cuotas (temporada 20/21 sin cobertura)
2020-10-18,Sheffield United,Fulham,sheffield,fulham,1,1,out_of_odds_range,Fuera del rango de fechas del CSV de cuotas (temporada 20/21 sin cobertura)
2020-10-31,Sheffield United,Manchester City,sheffield,man city,0,1,out_of_odds_range,Fuera del rango de fechas del CSV de cuotas (temporada 20/21 sin cobertura)
2020-11-22,Sheffield United,West Ham,sheffield,west ham,0,1,out_of_odds_range,Fuera del rango de fechas del CSV de cuotas (temporada 20/21 sin cobertura)
2020-12-06,Sheffield United,Leicester City,sheffield,leicester,1,2,out_of_odds_range,Fuera del rango de fechas del CSV de cuotas (temporada 20/21 sin cobertura)
2020-12-17,Sheffield United,Manchester Utd,sheffield,man utd,2,3,out_of_odds_range,Fuera del rango de fechas del CSV de cuotas (temporada 20/21 sin cobertura)
2020-12-26,Sheffield United,Everton,sheffield,everton,0,1,out_of_odds_range,Fuera del rango de fechas del CSV de cuotas (temporada 20/21 sin cobertura)
2021-01-12,Sheffield United,Newcastle Utd,sheffield,newcastle,1,0,out_of_odds_range,Fuera del rango de fechas del CSV de cuotas (temporada 20/21 sin cobertura)
2021-01-17,Sheffield United,Tottenham,sheffield,tottenham,1,3,out_of_odds_range,Fuera del rango de fechas del CSV de cuotas (temporada 20/21 sin cobertura)
2021-02-02,Sheffield United,West Brom,sheffield,west brom,2,1,out_of_odds_range,Fuera del rango de fechas del CSV de cuotas (temporada 20/21 sin cobertura)
2021-02-07,Sheffield United,Chelsea,sheffield,chelsea,1,2,out_of_odds_range,Fuera del rango de fechas del CSV de cuotas (temporada 20/21 sin cobertura)
2021-02-28,Sheffield United,Liverpool,sheffield,liverpool,0,2,out_of_odds_range,Fuera del rango de fechas del CSV de cuotas (temporada 20/21 sin cobertura)
2021-03-03,Sheffield United,Aston Villa,sheffield,aston villa,1,0,out_of_odds_range,Fuera del rango de fechas del CSV de cuotas (temporada 20/21 sin cobertura)
2021-03-06,Sheffield United,Southampton,sheffield,southampton,0,2,out_of_odds_range,Fuera del rango de fechas del CSV de cuotas (temporada 20/21 sin cobertura)
2021-04-11,Sheffield United,Arsenal,sheffield,arsenal,0,3,out_of_odds_range,Fuera del rango de fechas del CSV de cuotas (temporada 20/21 sin cobertura)
2021-04-24,Sheffield United,Brighton,sheffield,brighton,1,0,out_of_odds_range,Fuera del rango de fechas del CSV de cuotas (temporada 20/21 sin cobertura)
2021-05-08,Sheffield United,Crystal Palace,sheffield,crystal palace,0,2,out_of_odds_range,Fuera del rango de fechas del CSV de cuotas (temporada 20/21 sin cobertura)
2021-05-23,Sheffield United,Burnley,sheffield,burnley,1,0,out_of_odds_range,Fuera del rango de fechas del CSV de cuotas (temporada 20/21 sin cobertura)
2020-09-20,Southampton,Tottenham,southampton,tottenham,2,5,out_of_odds_range,Fuera del rango de fechas del CSV de cuotas (temporada 20/21 sin cobertura)
2020-10-04,Southampton,West Brom,southampton,west brom,2,0,out_of_odds_range,Fuera del rango de fechas del CSV de cuotas (temporada 20/21 sin cobertura)
2020-10-25,Southampton,Everton,southampton,everton,2,0,out_of_odds_range,Fuera del rango de fechas del CSV de cuotas (temporada 20/21 sin cobertura)
2020-11-06,Southampton,Newcastle Utd,southampton,newcastle,2,0,out_of_odds_range,Fuera del rango de fechas del CSV de cuotas (temporada 20/21 sin cobertura)
2020-11-29,Southampton,Manchester Utd,southampton,man utd,2,3,out_of_odds_range,Fuera del rango de fechas del CSV de cuotas (temporada 20/21 sin cobertura)
2020-12-13,Southampton,Sheffield Utd,southampton,sheffield,3,0,out_of_odds_range,Fuera del rango de fechas del CSV de cuotas (temporada 20/21 sin cobertura)
2020-12-19,Southampton,Manchester City,southampton,man city,0,1,out_of_odds_range,Fuera del rango de fechas del CSV de cuotas (temporada 20/21 sin cobertura)
2020-12-29,Southampton,West Ham,southampton,west ham,0,0,out_of_odds_range,Fuera del rango de fechas del CSV de cuotas (temporada 20/21 sin cobertura)
2021-01-04,Southampton,Liverpool,southampton,liverpool,1,0,out_of_odds_range,Fuera del rango de fechas del CSV de cuotas (temporada 20/21 sin cobertura)
2021-01-26,Southampton,Arsenal,southampton,arsenal,1,3,out_of_odds_range,Fuera del rango de fechas del CSV de cuotas (temporada 20/21 sin cobertura)
2021-01-30,Southampton,Aston Villa,southampton,aston villa,0,1,out_of_odds_range,Fuera del rango de fechas del CSV de cuotas (temporada 20/21 sin cobertura)
2021-02-14,Southampton,Wolves,southampton,wolves,1,2,out_of_odds_range,Fuera del rango de fechas del CSV de cuotas (temporada 20/21 sin cobertura)
2021-02-20,Southampton,Chelsea,southampton,chelsea,1,1,out_of_odds_range,Fuera del rango de fechas del CSV de cuotas (temporada 20/21 sin cobertura)
2021-03-14,Southampton,Brighton,southampton,brighton,1,2,out_of_odds_range,Fuera del rango de fechas del CSV de cuotas (temporada 20/21 sin cobertura)
2021-04-04,Southampton,Burnley,southampton,burnley,3,2,out_of_odds_range,Fuera del rango de fechas del CSV de cuotas (temporada 20/21 sin cobertura)
2021-04-30,Southampton,Leicester City,southampton,leicester,1,1,out_of_odds_range,Fuera del rango de fechas del CSV de cuotas (temporada 20/21 sin cobertura)
2021-05-11,Southampton,Crystal Palace,southampton,crystal palace,3,1,out_of_odds_range,Fuera del rango de fechas del CSV de cuotas (temporada 20/21 sin cobertura)
2021-05-15,Southampton,Fulham,southampton,fulham,3,1,out_of_odds_range,Fuera del rango de fechas del CSV de cuotas (temporada 20/21 sin cobertura)
2021-05-18,Southampton,Leeds United,southampton,leeds,0,2,out_of_odds_range,Fuera del rango de fechas del CSV de cuotas (temporada 20/21 sin cobertura)
2020-09-13,Tottenham Hotspur,Everton,tottenham,everton,0,1,out_of_odds_range,Fuera del rango de fechas del CSV de cuotas (temporada 20/21 sin cobertura)
2020-09-27,Tottenham Hotspur,Newcastle Utd,tottenham,newcastle,1,1,out_of_odds_range,Fuera del rango de fechas del CSV de cuotas (temporada 20/21 sin cobertura)
2020-10-18,Tottenham Hotspur,West Ham,tottenham,west ham,3,3,out_of_odds_range,Fuera del rango de fechas del CSV de cuotas (temporada 20/21 sin cobertura)
2020-11-01,Tottenham Hotspur,Brighton,tottenham,brighton,2,1,out_of_odds_range,Fuera del rango de fechas del CSV de cuotas (temporada 20/21 sin cobertura)
2020-11-21,Tottenham Hotspur,Manchester City,tottenham,man city,2,0,out_of_odds_range,Fuera del rango de fechas del CSV de cuotas (temporada 20/21 sin cobertura)
2020-12-06,Tottenham Hotspur,Arsenal,tottenham,arsenal,2,0,out_of_odds_range,Fuera del rango de fechas del CSV de cuotas (temporada 20/21 sin cobertura)
2020-12-20,Tottenham Hotspur,Leicester City,tottenham,leicester,0,2,out_of_odds_range,Fuera del rango de fechas del CSV de cuotas (temporada 20/21 sin cobertura)
2021-01-02,Tottenham Hotspur,Leeds United,tottenham,leeds,3,0,out_of_odds_range,Fuera del rango de fechas del CSV de cuotas (temporada 20/21 sin cobertura)
2021-01-13,Tottenham Hotspur,Fulham,tottenham,fulham,1,1,out_of_odds_range,Fuera del rango de fechas del CSV de cuotas (temporada 20/21 sin cobertura)
2021-01-28,Tottenham Hotspur,Liverpool,tottenham,liverpool,1,3,out_of_odds_range,Fuera del rango de fechas del CSV de cuotas (temporada 20/21 sin cobertura)
2021-02-04,Tottenham Hotspur,Chelsea,tottenham,chelsea,0,1,out_of_odds_range,Fuera del rango de fechas del CSV de cuotas (temporada 20/21 sin cobertura)
2021-02-07,Tottenham Hotspur,West Brom,tottenham,west brom,2,0,out_of_odds_range,Fuera del rango de fechas del CSV de cuotas (temporada 20/21 sin cobertura)
2021-02-28,Tottenham Hotspur,Burnley,tottenham,burnley,4,0,out_of_odds_range,Fuera del rango de fechas del CSV de cuotas (temporada 20/21 sin cobertura)
2021-03-07,Tottenham Hotspur,Crystal Palace,tottenham,crystal palace,4,1,out_of_odds_range,Fuera del rango de fechas del CSV de cuotas (temporada 20/21 sin cobertura)
2021-04-11,Tottenham Hotspur,Manchester Utd,tottenham,man utd,1,3,out_of_odds_range,Fuera del rango de fechas del CSV de cuotas (temporada 20/21 sin cobertura)
2021-04-21,Tottenham Hotspur,Southampton,tottenham,southampton,2,1,out_of_odds_range,Fuera del rango de fechas del CSV de cuotas (temporada 20/21 sin cobertura)
2021-05-02,Tottenham Hotspur,Sheffield Utd,tottenham,sheffield,4,0,out_of_odds_range,Fuera del rango de fechas del CSV de cuotas (temporada 20/21 sin cobertura)
2021-05-16,Tottenham Hotspur,Wolves,tottenham,wolves,2,0,out_of_odds_range,Fuera del rango de fechas del CSV de cuotas (temporada 20/21 sin cobertura)
2021-05-19,Tottenham Hotspur,Aston Villa,tottenham,aston villa,1,2,out_of_odds_range,Fuera del rango de fechas del CSV de cuotas (temporada 20/21 sin cobertura)
2020-09-13,West Bromwich Albion,Leicester City,west bromwich albion,leicester,0,3,out_of_odds_range,Fuera del rango de fechas del CSV de cuotas (temporada 20/21 sin cobertura)
2020-09-26,West Bromwich Albion,Chelsea,west bromwich albion,chelsea,3,3,out_of_odds_range,Fuera del rango de fechas del CSV de cuotas (temporada 20/21 sin cobertura)
2020-10-19,West Bromwich Albion,Burnley,west bromwich albion,burnley,0,0,out_of_odds_range,Fuera del rango de fechas del CSV de cuotas (temporada 20/21 sin cobertura)
2020-11-08,West Bromwich Albion,Tottenham,west bromwich albion,tottenham,0,1,out_of_odds_range,Fuera del rango de fechas del CSV de cuotas (temporada 20/21 sin cobertura)
2020-11-28,West Bromwich Albion,Sheffield Utd,west bromwich albion,sheffield,1,0,out_of_odds_range,Fuera del rango de fechas del CSV de cuotas (temporada 20/21 sin cobertura)
2020-12-06,West Bromwich Albion,Crystal Palace,west bromwich albion,crystal palace,1,5,out_of_odds_range,Fuera del rango de fechas del CSV de cuotas (temporada 20/21 sin cobertura)
2020-12-20,West Bromwich Albion,Aston Villa,west bromwich albion,aston villa,0,3,out_of_odds_range,Fuera del rango de fechas del CSV de cuotas (temporada 20/21 sin cobertura)
2020-12-29,West Bromwich Albion,Leeds United,west bromwich albion,leeds,0,5,out_of_odds_range,Fuera del rango de fechas del CSV de cuotas (temporada 20/21 sin cobertura)
2021-01-02,West Bromwich Albion,Arsenal,west bromwich albion,arsenal,0,4,out_of_odds_range,Fuera del rango de fechas del CSV de cuotas (temporada 20/21 sin cobertura)
2021-01-26,West Bromwich Albion,Manchester City,west bromwich albion,man city,0,5,out_of_odds_range,Fuera del rango de fechas del CSV de cuotas (temporada 20/21 sin cobertura)
2021-01-30,West Bromwich Albion,Fulham,west bromwich albion,fulham,2,2,out_of_odds_range,Fuera del rango de fechas del CSV de cuotas (temporada 20/21 sin cobertura)
2021-02-14,West Bromwich Albion,Manchester Utd,west bromwich albion,man utd,1,1,out_of_odds_range,Fuera del rango de fechas del CSV de cuotas (temporada 20/21 sin cobertura)
2021-02-27,West Bromwich Albion,Brighton,west bromwich albion,brighton,1,0,out_of_odds_range,Fuera del rango de fechas del CSV de cuotas (temporada 20/21 sin cobertura)
2021-03-04,West Bromwich Albion,Everton,west bromwich albion,everton,0,1,out_of_odds_range,Fuera del rango de fechas del CSV de cuotas (temporada 20/21 sin cobertura)
2021-03-07,West Bromwich Albion,Newcastle Utd,west bromwich albion,newcastle,0,0,out_of_odds_range,Fuera del rango de fechas del CSV de cuotas (temporada 20/21 sin cobertura)
2021-04-12,West Bromwich Albion,Southampton,west bromwich albion,southampton,3,0,out_of_odds_range,Fuera del rango de fechas del CSV de cuotas (temporada 20/21 sin cobertura)
2021-05-03,West Bromwich Albion,Wolves,west bromwich albion,wolves,1,1,out_of_odds_range,Fuera del rango de fechas del CSV de cuotas (temporada 20/21 sin cobertura)
2021-05-16,West Bromwich Albion,Liverpool,west bromwich albion,liverpool,1,2,out_of_odds_range,Fuera del rango de fechas del CSV de cuotas (temporada 20/21 sin cobertura)
2021-05-19,West Bromwich Albion,West Ham,west bromwich albion,west ham,1,3,out_of_odds_range,Fuera del rango de fechas del CSV de cuotas (temporada 20/21 sin cobertura)
2020-09-12,West Ham United,Newcastle Utd,west ham,newcastle,0,2,out_of_odds_range,Fuera del rango de fechas del CSV de cuotas (temporada 20/21 sin cobertura)
2020-09-27,West Ham United,Wolves,west ham,wolves,4,0,out_of_odds_range,Fuera del rango de fechas del CSV de cuotas (temporada 20/21 sin cobertura)
2020-10-24,West Ham United,Manchester City,west ham,man city,1,1,out_of_odds_range,Fuera del rango de fechas del CSV de cuotas (temporada 20/21 sin cobertura)
2020-11-07,West Ham United,Fulham,west ham,fulham,1,0,out_of_odds_range,Fuera del rango de fechas del CSV de cuotas (temporada 20/21 sin cobertura)
2020-11-30,West Ham United,Aston Villa,west ham,aston villa,2,1,out_of_odds_range,Fuera del rango de fechas del CSV de cuotas (temporada 20/21 sin cobertura)
2020-12-05,West Ham United,Manchester Utd,west ham,man utd,1,3,out_of_odds_range,Fuera del rango de fechas del CSV de cuotas (temporada 20/21 sin cobertura)
2020-12-16,West Ham United,Crystal Palace,west ham,crystal palace,1,1,out_of_odds_range,Fuera del rango de fechas del CSV de cuotas (temporada 20/21 sin cobertura)
2020-12-27,West Ham United,Brighton,west ham,brighton,2,2,out_of_odds_range,Fuera del rango de fechas del CSV de cuotas (temporada 20/21 sin cobertura)
2021-01-16,West Ham United,Burnley,west ham,burnley,1,0,out_of_odds_range,Fuera del rango de fechas del CSV de cuotas (temporada 20/21 sin cobertura)
2021-01-19,West Ham United,West Brom,west ham,west brom,2,1,out_of_odds_range,Fuera del rango de fechas del CSV de cuotas (temporada 20/21 sin cobertura)
2021-01-31,West Ham United,Liverpool,west ham,liverpool,1,3,out_of_odds_range,Fuera del rango de fechas del CSV de cuotas (temporada 20/21 sin cobertura)
2021-02-15,West Ham United,Sheffield Utd,west ham,sheffield,3,0,out_of_odds_range,Fuera del rango de fechas del CSV de cuotas (temporada 20/21 sin cobertura)
2021-02-21,West Ham United,Tottenham,west ham,tottenham,2,1,out_of_odds_range,Fuera del rango de fechas del CSV de cuotas (temporada 20/21 sin cobertura)
2021-03-08,West Ham United,Leeds United,west ham,leeds,2,0,out_of_odds_range,Fuera del rango de fechas del CSV de cuotas (temporada 20/21 sin cobertura)
2021-03-21,West Ham United,Arsenal,west ham,arsenal,3,3,out_of_odds_range,Fuera del rango de fechas del CSV de cuotas (temporada 20/21 sin cobertura)
2021-04-11,West Ham United,Leicester City,west ham,leicester,3,2,out_of_odds_range,Fuera del rango de fechas del CSV de cuotas (temporada 20/21 sin cobertura)
2021-04-24,West Ham United,Chelsea,west ham,chelsea,0,1,out_of_odds_range,Fuera del rango de fechas del CSV de cuotas (temporada 20/21 sin cobertura)
2021-05-09,West Ham United,Everton,west ham,everton,0,1,out_of_odds_range,Fuera del rango de fechas del CSV de cuotas (temporada 20/21 sin cobertura)
2021-05-23,West Ham United,Southampton,west ham,southampton,3,0,out_of_odds_range,Fuera del rango de fechas del CSV de cuotas (temporada 20/21 sin cobertura)
2020-09-21,Wolverhampton Wanderers,Manchester City,wolves,man city,1,3,out_of_odds_range,Fuera del rango de fechas del CSV de cuotas (temporada 20/21 sin cobertura)
2020-10-04,Wolverhampton Wanderers,Fulham,wolves,fulham,1,0,out_of_odds_range,Fuera del rango de fechas del CSV de cuotas (temporada 20/21 sin cobertura)
2020-10-25,Wolverhampton Wanderers,Newcastle Utd,wolves,newcastle,1,1,out_of_odds_range,Fuera del rango de fechas del CSV de cuotas (temporada 20/21 sin cobertura)
2020-10-30,Wolverhampton Wanderers,Crystal Palace,wolves,crystal palace,2,0,out_of_odds_range,Fuera del rango de fechas del CSV de cuotas (temporada 20/21 sin cobertura)
2020-11-23,Wolverhampton Wanderers,Southampton,wolves,southampton,1,1,out_of_odds_range,Fuera del rango de fechas del CSV de cuotas (temporada 20/21 sin cobertura)
2020-12-12,Wolverhampton Wanderers,Aston Villa,wolves,aston villa,0,1,out_of_odds_range,Fuera del rango de fechas del CSV de cuotas (temporada 20/21 sin cobertura)
2020-12-15,Wolverhampton Wanderers,Chelsea,wolves,chelsea,2,1,out_of_odds_range,Fuera del rango de fechas del CSV de cuotas (temporada 20/21 sin cobertura)
2020-12-27,Wolverhampton Wanderers,Tottenham,wolves,tottenham,1,1,out_of_odds_range,Fuera del rango de fechas del CSV de cuotas (temporada 20/21 sin cobertura)
2021-01-12,Wolverhampton Wanderers,Everton,wolves,everton,1,2,out_of_odds_range,Fuera del rango de fechas del CSV de cuotas (temporada 20/21 sin cobertura)
2021-01-16,Wolverhampton Wanderers,West Brom,wolves,west brom,2,3,out_of_odds_range,Fuera del rango de fechas del CSV de cuotas (temporada 20/21 sin cobertura)
2021-02-02,Wolverhampton Wanderers,Arsenal,wolves,arsenal,2,1,out_of_odds_range,Fuera del rango de fechas del CSV de cuotas (temporada 20/21 sin cobertura)
2021-02-07,Wolverhampton Wanderers,Leicester City,wolves,leicester,0,0,out_of_odds_range,Fuera del rango de fechas del CSV de cuotas (temporada 20/21 sin cobertura)
2021-02-19,Wolverhampton Wanderers,Leeds United,wolves,leeds,1,0,out_of_odds_range,Fuera del rango de fechas del CSV de cuotas (temporada 20/21 sin cobertura)
2021-03-15,Wolverhampton Wanderers,Liverpool,wolves,liverpool,0,1,out_of_odds_range,Fuera del rango de fechas del CSV de cuotas (temporada 20/21 sin cobertura)
2021-04-05,Wolverhampton Wanderers,West Ham,wolves,west ham,2,3,out_of_odds_range,Fuera del rango de fechas del CSV de cuotas (temporada 20/21 sin cobertura)
2021-04-17,Wolverhampton Wanderers,Sheffield Utd,wolves,sheffield,1,0,out_of_odds_range,Fuera del rango de fechas del CSV de cuotas (temporada 20/21 sin cobertura)
2021-04-25,Wolverhampton Wanderers,Burnley,wolves,burnley,0,4,out_of_odds_range,Fuera del rango de fechas del CSV de cuotas (temporada 20/21 sin cobertura)
2021-05-09,Wolverhampton Wanderers,Brighton,wolves,brighton,2,1,out_of_odds_range,Fuera del rango de fechas del CSV de cuotas (temporada 20/21 sin cobertura)
2021-05-23,Wolverhampton Wanderers,Manchester Utd,wolves,man utd,1,2,out_of_odds_range,Fuera del rango de fechas del CSV de cuotas (temporada 20/21 sin cobertura)
